sample_1,id,,sensor1,sensor2,sensor3,sensor4,sensor5,sensor6,sensor7,sensor8,sensor9,sensor10,sensor11,label
1,382,88,23,174,180,180,0.03,-0.20,0.00,0.01,-0.02,0.01,1
1,383,95,19,175,180,180,0.02,-0.20,-0.01,0.01,-0.02,0.01,1
1,384,84,18,180,180,180,0.03,-0.18,0.02,0.01,-0.02,0.01,1
1,385,96,20,174,180,180,0.02,-0.18,0.02,0.01,-0.02,0.01,1
1,386,86,23,166,180,180,0.02,-0.18,0.01,0.01,-0.02,0.01,1
1,387,89,24,168,180,180,0.01,-0.17,-0.01,0.00,-0.03,0.01,1
1,388,84,33,169,180,180,0.02,-0.16,0.00,0.01,-0.02,0.01,1
1,389,88,19,173,180,180,0.03,-0.16,0.04,0.01,-0.01,0.01,1
1,390,84,19,166,180,180,0.02,-0.16,0.03,0.01,-0.02,0.01,1
1,391,76,25,172,180,180,0.02,-0.18,-0.02,0.01,-0.02,0.01,1
1,392,81,25,165,180,180,0.03,-0.17,-0.01,-0.01,-0.02,0.01,1
1,393,85,19,172,180,180,0.04,-0.15,0.02,-0.01,-0.01,0.01,1
1,394,88,24,168,180,180,0.03,-0.15,0.02,-0.01,-0.02,0.01,1
1,395,88,27,168,180,180,0.03,-0.16,0.01,-0.01,-0.02,0.01,1
1,396,89,30,177,180,180,0.03,-0.18,-0.01,-0.01,-0.01,0.01,1
1,397,84,22,172,180,180,0.04,-0.16,0.02,-0.02,-0.01,0.01,1
1,398,88,28,172,180,180,0.03,-0.15,0.03,-0.02,-0.02,0.01,1
1,399,89,26,172,180,180,0.02,-0.15,-0.00,-0.01,-0.02,0.01,1
1,400,98,29,168,180,180,0.02,-0.16,-0.02,-0.01,-0.02,0.01,1
1,401,94,28,169,180,180,0.03,-0.14,0.01,-0.02,-0.02,0.01,1
1,402,89,29,166,180,180,0.02,-0.12,0.04,-0.01,-0.02,0.01,1
1,403,89,33,166,180,180,0.01,-0.13,0.02,0.00,-0.03,0.01,1
1,404,89,26,169,180,180,0.01,-0.14,-0.01,0.00,-0.03,0.01,1
1,405,85,31,167,180,180,0.01,-0.14,-0.03,-0.00,-0.03,0.01,1
1,406,87,23,171,180,180,0.01,-0.12,-0.00,-0.00,-0.03,0.01,1
1,407,86,26,167,180,180,0.01,-0.13,0.02,0.00,-0.03,0.01,1
1,408,89,21,174,180,180,0.00,-0.14,0.02,0.01,-0.03,0.01,1
1,409,83,27,169,180,180,0.00,-0.15,0.02,0.01,-0.02,0.01,1
1,410,77,27,172,180,180,0.00,-0.14,0.02,0.01,-0.02,0.01,1
1,411,89,34,167,180,180,0.00,-0.14,0.00,0.02,-0.02,0.01,1
1,412,90,26,166,180,180,0.00,-0.15,-0.01,0.01,-0.02,0.01,1
1,413,99,29,163,180,180,0.00,-0.14,-0.01,0.01,-0.02,0.01,1
1,414,89,29,169,180,180,-0.00,-0.15,0.01,0.01,-0.02,0.01,1
1,415,84,28,168,180,180,0.00,-0.16,0.04,0.01,-0.01,0.01,1
1,416,87,28,163,180,180,-0.00,-0.15,0.04,0.01,-0.02,0.01,1
1,417,89,30,165,180,180,-0.00,-0.14,0.01,0.01,-0.02,0.01,1
1,418,90,33,168,180,180,0.00,-0.14,-0.03,-0.00,-0.02,0.01,1
1,419,81,30,168,180,180,0.00,-0.13,-0.02,-0.01,-0.02,0.01,1
1,420,89,33,164,180,180,0.00,-0.12,-0.00,-0.01,-0.02,0.01,1
1,421,80,32,162,180,180,-0.00,-0.12,0.01,-0.00,-0.02,0.01,1
1,422,81,29,162,180,180,-0.00,-0.13,0.01,-0.00,-0.02,0.01,1
1,423,82,26,166,180,180,0.00,-0.13,0.02,-0.01,-0.02,0.01,1
1,424,89,29,165,180,180,0.00,-0.12,0.02,-0.01,-0.02,0.01,1
1,425,80,30,162,180,180,-0.00,-0.10,-0.00,-0.01,-0.02,0.01,1
1,426,86,25,166,180,180,-0.00,-0.11,-0.02,0.00,-0.02,0.01,1
1,427,86,28,168,180,180,0.00,-0.12,-0.01,-0.00,-0.02,0.01,1
1,428,77,30,159,180,180,-0.00,-0.12,0.02,-0.01,-0.02,0.01,1
1,429,85,33,158,180,180,-0.01,-0.10,0.04,-0.01,-0.02,0.01,1
1,430,80,28,161,180,180,-0.01,-0.11,0.02,0.00,-0.02,0.01,1
1,431,89,27,161,180,180,-0.00,-0.11,0.02,-0.00,-0.02,0.01,1
1,432,79,29,153,180,180,-0.01,-0.09,0.02,-0.00,-0.02,0.01,1
1,433,78,25,155,180,180,-0.01,-0.08,0.01,0.00,-0.02,0.01,1
1,434,84,26,158,180,180,-0.01,-0.09,-0.01,0.00,-0.02,0.01,1
1,435,91,29,157,180,180,-0.01,-0.09,0.01,0.00,-0.02,0.01,1
1,436,85,28,154,180,180,-0.01,-0.08,0.04,-0.00,-0.02,0.01,1
1,437,77,29,162,180,180,-0.01,-0.06,0.04,-0.00,-0.02,0.01,1
1,438,79,31,154,180,180,-0.01,-0.07,0.01,0.00,-0.02,0.01,1
1,439,84,28,153,180,180,-0.01,-0.08,0.00,-0.00,-0.01,0.01,1
1,440,78,29,158,180,180,-0.01,-0.07,0.01,-0.01,-0.02,0.00,1
1,441,85,32,157,180,180,-0.01,-0.07,0.01,-0.01,-0.02,0.00,1
1,442,80,35,157,180,180,-0.01,-0.08,-0.00,-0.01,-0.01,0.00,1
1,443,84,24,165,180,180,-0.01,-0.08,-0.01,-0.01,-0.01,0.00,1
1,444,76,36,160,180,180,0.00,-0.09,0.00,-0.00,-0.01,-0.00,1
1,445,81,34,159,180,180,-0.00,-0.09,-0.00,-0.00,-0.01,0.00,1
1,446,85,31,159,180,180,-0.00,-0.09,-0.02,-0.00,-0.01,0.00,1
1,447,78,32,156,180,180,0.00,-0.09,-0.02,-0.00,-0.01,0.00,1
1,448,81,34,160,180,180,0.01,-0.07,0.00,-0.00,-0.01,0.00,1
1,449,84,26,157,180,180,0.01,-0.07,-0.01,0.00,-0.01,0.00,1
1,450,79,28,157,180,180,0.02,-0.07,-0.03,0.00,-0.01,0.01,1
1,451,80,28,153,180,180,0.02,-0.05,-0.03,0.01,-0.01,0.00,1
1,452,86,39,157,180,180,0.02,-0.06,-0.02,0.01,-0.01,0.00,1
1,453,93,28,154,180,180,0.02,-0.06,-0.01,0.01,-0.01,0.00,1
1,454,80,36,162,180,180,0.02,-0.06,0.00,0.01,-0.01,0.00,1
1,455,94,29,156,180,180,0.03,-0.06,-0.01,0.01,-0.01,0.00,1
1,456,84,34,157,180,180,0.03,-0.06,-0.01,0.01,-0.01,0.00,1
1,457,86,25,156,180,180,0.02,-0.07,-0.02,0.01,-0.01,0.00,1
1,458,75,31,156,180,180,0.02,-0.08,-0.04,0.00,-0.01,0.00,1
1,459,80,27,158,180,180,0.02,-0.08,-0.03,0.00,-0.01,0.00,1
1,460,89,28,157,180,180,0.03,-0.08,-0.01,0.01,-0.01,0.00,1
1,461,81,32,161,180,180,0.03,-0.09,-0.01,0.00,-0.01,0.01,1
1,462,90,33,158,180,180,0.04,-0.09,-0.03,0.00,-0.01,0.01,1
1,463,82,33,163,180,180,0.04,-0.08,-0.03,0.00,-0.01,0.01,1
1,464,83,28,157,180,180,0.04,-0.07,-0.04,-0.00,-0.01,0.01,1
1,465,77,24,161,180,180,0.05,-0.06,-0.03,-0.00,-0.01,0.01,1
1,466,81,32,165,180,180,0.05,-0.06,-0.05,-0.00,-0.01,0.01,1
1,467,74,34,159,180,180,0.05,-0.07,-0.06,-0.00,-0.01,0.01,1
1,468,77,35,160,180,180,0.06,-0.06,-0.04,-0.00,-0.01,0.01,1
1,469,70,25,157,180,180,0.06,-0.06,-0.04,-0.00,-0.01,0.01,1
1,470,80,27,157,180,180,0.06,-0.06,-0.05,-0.00,-0.01,0.01,1
1,471,89,28,156,180,180,0.05,-0.07,-0.06,0.00,-0.01,0.01,1
1,472,80,31,150,180,180,0.06,-0.08,-0.06,-0.00,-0.01,0.01,1
1,473,85,32,160,180,180,0.07,-0.09,-0.07,0.00,-0.01,0.01,1
1,474,81,28,153,180,180,0.07,-0.10,-0.06,0.00,-0.01,0.02,1
1,475,76,24,149,180,180,0.08,-0.10,-0.06,0.00,-0.02,0.02,1
1,476,79,32,149,180,180,0.08,-0.11,-0.06,-0.00,-0.02,0.03,1
1,477,73,25,151,180,180,0.09,-0.10,-0.04,-0.00,-0.02,0.03,1
1,478,90,32,153,180,180,0.09,-0.09,-0.05,-0.00,-0.02,0.03,1
1,479,83,28,149,180,180,0.09,-0.08,-0.05,-0.00,-0.02,0.03,1
1,480,84,31,149,180,180,0.09,-0.07,-0.07,-0.00,-0.02,0.04,1
1,481,73,26,150,180,180,0.08,-0.05,-0.07,-0.01,-0.02,0.04,1
1,482,75,32,153,180,180,0.07,-0.04,-0.08,-0.00,-0.02,0.04,1
2,250,38,18,134,67,180,-2.58,-1.77,4.54,0.37,-0.39,-0.04,1
2,251,28,10,116,36,180,-2.61,-1.86,4.65,0.38,-0.35,-0.06,1
2,252,59,20,128,72,180,-2.55,-1.92,4.82,0.37,-0.33,-0.06,1
2,253,54,27,118,54,180,-2.51,-1.95,4.96,0.35,-0.32,-0.05,1
2,254,50,19,111,18,180,-2.58,-1.99,5.00,0.35,-0.31,-0.05,1
2,255,64,15,127,72,180,-2.61,-2.09,5.04,0.38,-0.27,-0.06,1
2,256,40,17,111,0,180,-2.60,-2.16,5.15,0.37,-0.25,-0.06,1
2,257,50,18,103,87,180,-2.59,-2.20,5.26,0.34,-0.24,-0.04,1
2,258,40,25,118,0,180,-2.63,-2.21,5.35,0.31,-0.22,-0.03,1
2,259,44,12,130,0,180,-2.66,-2.25,5.42,0.30,-0.18,-0.03,1
2,260,42,10,126,31,180,-2.63,-2.26,5.49,0.27,-0.15,-0.01,1
2,261,70,26,110,64,180,-2.63,-2.23,5.51,0.23,-0.13,0.01,1
2,262,51,38,140,0,180,-2.70,-2.21,5.49,0.21,-0.12,0.02,1
2,263,46,21,119,57,180,-2.76,-2.23,5.47,0.21,-0.10,0.01,1
2,264,64,39,130,120,180,-2.76,-2.28,5.51,0.19,-0.08,0.02,1
2,265,58,11,130,9,180,-2.73,-2.28,5.57,0.15,-0.07,0.03,1
2,266,40,17,127,0,180,-2.71,-2.25,5.61,0.13,-0.06,0.04,1
2,267,41,32,136,0,180,-2.72,-2.24,5.60,0.12,-0.04,0.04,1
2,268,49,29,126,117,180,-2.77,-2.25,5.55,0.10,-0.04,0.05,1
2,269,59,29,133,24,180,-2.78,-2.24,5.54,0.08,-0.04,0.06,1
2,270,57,29,125,145,180,-2.77,-2.19,5.59,0.06,-0.03,0.06,1
2,271,36,30,115,103,180,-2.76,-2.17,5.62,0.06,-0.02,0.05,1
2,272,61,22,127,0,180,-2.79,-2.20,5.59,0.06,-0.02,0.04,1
2,273,64,15,126,100,180,-2.83,-2.21,5.54,0.04,-0.02,0.04,1
2,274,48,23,131,0,180,-2.83,-2.19,5.53,0.02,-0.02,0.05,1
2,275,67,33,122,0,180,-2.82,-2.16,5.55,0.01,-0.03,0.04,1
2,276,48,30,114,54,180,-2.83,-2.15,5.56,0.02,-0.03,0.04,1
2,277,49,22,111,0,180,-2.85,-2.17,5.56,0.03,-0.03,0.03,1
2,278,55,24,129,69,180,-2.82,-2.20,5.59,0.04,-0.03,0.02,1
2,279,42,26,142,24,180,-2.80,-2.22,5.61,0.03,-0.02,0.02,1
2,280,64,32,126,106,180,-2.80,-2.22,5.61,0.01,-0.03,0.03,1
2,281,70,22,120,40,180,-2.83,-2.22,5.58,0.01,-0.02,0.03,1
2,282,65,18,129,67,180,-2.83,-2.22,5.59,-0.00,-0.02,0.04,1
2,283,56,24,125,51,180,-2.80,-2.20,5.62,-0.00,-0.02,0.04,1
2,284,36,31,115,72,180,-2.80,-2.19,5.62,-0.00,-0.01,0.04,1
2,285,47,14,141,103,180,-2.80,-2.19,5.61,-0.00,-0.01,0.04,1
2,286,38,14,139,3,180,-2.83,-2.19,5.58,-0.01,-0.00,0.04,1
2,287,54,30,142,94,180,-2.84,-2.19,5.57,-0.02,-0.00,0.05,1
2,288,55,25,126,0,180,-2.84,-2.17,5.56,-0.04,-0.00,0.06,1
2,289,36,21,135,0,180,-2.83,-2.14,5.57,-0.04,-0.00,0.06,1
2,290,46,15,119,27,180,-2.85,-2.12,5.55,-0.04,-0.01,0.06,1
2,291,70,27,131,51,180,-2.87,-2.13,5.52,-0.02,-0.01,0.05,1
2,292,64,25,143,15,180,-2.86,-2.13,5.52,-0.02,-0.00,0.05,1
2,293,66,14,122,91,180,-2.86,-2.11,5.52,-0.02,-0.01,0.05,1
2,294,60,32,134,99,180,-2.87,-2.09,5.52,-0.01,-0.01,0.05,1
2,295,76,17,122,0,180,-2.89,-2.08,5.50,-0.00,-0.01,0.05,1
2,296,72,27,138,45,180,-2.89,-2.07,5.50,0.00,-0.01,0.05,1
2,297,61,29,138,51,180,-2.88,-2.05,5.51,-0.00,-0.01,0.05,1
2,298,70,16,140,72,180,-2.88,-2.03,5.52,0.00,-0.01,0.04,1
2,299,71,25,116,114,180,-2.90,-2.01,5.51,0.01,-0.01,0.04,1
2,300,54,39,135,0,180,-2.90,-2.02,5.51,0.02,-0.01,0.03,1
2,301,62,26,121,21,180,-2.89,-2.02,5.52,0.01,-0.01,0.03,1
2,302,59,24,131,1,180,-2.89,-2.00,5.53,0.01,-0.02,0.03,1
2,303,62,27,140,67,180,-2.90,-1.99,5.53,0.01,-0.01,0.03,1
2,304,77,25,131,0,180,-2.91,-2.00,5.52,0.02,-0.01,0.02,1
2,305,74,25,134,42,180,-2.91,-2.01,5.51,0.01,-0.01,0.02,1
2,306,59,35,136,91,180,-2.90,-2.01,5.52,0.01,-0.02,0.02,1
2,307,53,16,134,141,180,-2.89,-2.00,5.52,0.01,-0.02,0.02,1
2,308,56,28,135,19,180,-2.89,-2.00,5.51,0.02,-0.02,0.02,1
2,309,72,28,130,75,180,-2.91,-2.01,5.49,0.02,-0.02,0.02,1
2,310,69,29,130,61,180,-2.92,-2.02,5.49,0.01,-0.02,0.02,1
2,311,77,28,138,37,180,-2.91,-2.00,5.50,0.01,-0.02,0.02,1
2,312,72,43,119,121,180,-2.91,-2.00,5.49,0.02,-0.02,0.02,1
2,313,77,21,130,9,180,-2.90,-1.99,5.49,0.02,-0.02,0.02,1
2,314,64,33,115,0,180,-2.91,-2.00,5.48,0.02,-0.02,0.02,1
2,315,56,26,144,58,180,-2.90,-2.00,5.48,0.02,-0.02,0.02,1
2,316,70,25,127,33,180,-2.91,-2.00,5.49,0.02,-0.02,0.02,1
2,317,96,42,137,93,180,-2.92,-2.00,5.50,0.03,-0.02,0.02,1
2,318,76,31,129,55,180,-2.92,-2.00,5.50,0.03,-0.02,0.02,1
2,319,81,24,130,40,180,-2.92,-2.00,5.50,0.02,-0.02,0.02,1
2,320,60,38,119,180,180,-2.91,-1.99,5.51,0.02,-0.02,0.02,1
2,321,67,39,150,99,180,-2.90,-1.99,5.52,0.02,-0.02,0.02,1
2,322,68,14,142,97,180,-2.89,-1.98,5.54,0.02,-0.02,0.02,1
2,323,58,23,121,112,180,-2.92,-1.98,5.52,0.02,-0.02,0.02,1
2,324,74,28,122,120,180,-2.93,-1.98,5.51,0.03,-0.01,0.02,1
2,325,64,33,135,48,180,-2.91,-1.98,5.53,0.02,-0.01,0.02,1
2,326,57,30,149,81,180,-2.90,-1.97,5.54,0.02,-0.01,0.02,1
2,327,47,21,126,175,180,-2.90,-1.97,5.53,0.02,-0.01,0.01,1
2,328,62,19,121,156,180,-2.92,-1.98,5.51,0.02,-0.00,0.01,1
2,329,68,39,119,75,180,-2.92,-1.98,5.51,0.02,-0.00,0.01,1
2,330,78,26,128,64,180,-2.91,-1.97,5.52,0.02,-0.00,0.01,1
2,331,81,17,131,69,180,-2.91,-1.97,5.51,0.02,-0.00,0.01,1
2,332,61,29,120,49,180,-2.94,-1.98,5.49,0.02,-0.00,0.01,1
2,333,59,46,136,76,180,-2.93,-2.00,5.49,0.03,0.01,0.00,1
2,334,64,26,132,100,180,-2.90,-2.00,5.52,0.02,0.00,0.01,1
2,335,50,20,134,114,180,-2.90,-1.98,5.52,0.02,-0.00,0.01,1
2,336,60,28,132,120,180,-2.92,-1.98,5.49,0.02,-0.00,0.01,1
2,337,45,25,129,0,180,-2.93,-1.98,5.48,0.02,-0.00,0.01,1
2,338,64,18,131,126,180,-2.90,-1.97,5.50,0.02,-0.00,0.01,1
2,339,82,29,122,169,180,-2.89,-1.97,5.50,0.02,-0.00,0.01,1
2,340,55,32,120,120,180,-2.90,-1.98,5.49,0.02,-0.00,0.01,1
2,341,72,25,147,135,180,-2.92,-1.99,5.47,0.02,0.00,0.01,1
2,342,71,37,129,16,180,-2.91,-2.00,5.46,0.03,0.00,0.01,1
2,343,60,42,134,90,180,-2.89,-1.99,5.46,0.02,-0.00,0.01,1
2,344,81,30,134,157,180,-2.89,-1.99,5.45,0.02,-0.01,0.01,1
2,345,64,25,112,118,180,-2.91,-2.00,5.45,0.03,-0.01,0.01,1
2,346,64,22,112,162,180,-2.91,-2.00,5.45,0.03,-0.01,0.01,1
2,347,60,31,116,97,180,-2.91,-2.02,5.46,0.03,-0.01,0.01,1
2,348,82,28,130,76,180,-2.90,-2.02,5.47,0.03,-0.01,0.01,1
2,349,79,13,129,117,180,-2.91,-2.01,5.47,0.02,-0.01,0.02,1
2,350,47,22,135,0,180,-2.92,-2.00,5.46,0.02,-0.01,0.02,1
3,450,65,6,126,79,180,-1.45,8.85,4.23,-0.81,0.37,0.00,1
3,451,57,17,126,60,180,-1.39,9.04,4.18,-0.48,0.33,0.05,1
3,452,72,18,121,31,180,-1.31,8.92,4.05,-0.16,0.31,0.09,1
3,453,69,5,129,0,180,-1.26,8.73,3.93,-0.02,0.23,0.09,1
3,454,63,18,126,75,180,-1.29,8.69,3.94,-0.00,0.11,0.08,1
3,455,58,10,126,43,180,-1.35,8.71,4.10,0.05,0.04,0.06,1
3,456,64,18,134,61,180,-1.41,8.65,4.24,0.13,0.00,0.05,1
3,457,69,10,134,46,180,-1.45,8.49,4.30,0.17,-0.04,0.04,1
3,458,68,14,129,24,180,-1.47,8.39,4.38,0.15,-0.07,0.02,1
3,459,55,13,132,25,180,-1.49,8.32,4.50,0.13,-0.09,0.00,1
3,460,48,15,134,33,180,-1.52,8.28,4.59,0.12,-0.11,-0.00,1
3,461,46,10,119,4,180,-1.54,8.22,4.60,0.14,-0.13,-0.01,1
3,462,56,14,125,61,180,-1.57,8.18,4.58,0.14,-0.13,-0.01,1
3,463,55,18,122,28,180,-1.57,8.17,4.64,0.14,-0.12,-0.00,1
3,464,50,15,126,54,180,-1.58,8.14,4.69,0.14,-0.12,-0.00,1
3,465,54,15,125,39,180,-1.59,8.10,4.67,0.13,-0.12,-0.01,1
3,466,52,22,129,21,180,-1.62,8.12,4.63,0.10,-0.13,-0.01,1
3,467,46,18,126,51,180,-1.63,8.16,4.63,0.11,-0.13,-0.01,1
3,468,60,19,133,46,180,-1.64,8.17,4.66,0.12,-0.11,-0.00,1
3,469,41,14,137,1,180,-1.65,8.15,4.66,0.14,-0.10,0.00,1
3,470,46,16,137,6,180,-1.66,8.09,4.64,0.13,-0.09,-0.00,1
3,471,48,13,126,0,180,-1.67,8.09,4.65,0.11,-0.08,-0.00,1
3,472,60,14,112,0,180,-1.67,8.10,4.66,0.10,-0.08,-0.00,1
3,473,51,15,125,43,180,-1.68,8.08,4.66,0.10,-0.07,-0.00,1
3,474,46,18,121,24,180,-1.69,8.06,4.64,0.10,-0.07,0.00,1
3,475,55,12,116,21,180,-1.70,8.06,4.62,0.09,-0.06,0.00,1
3,476,50,16,122,63,180,-1.69,8.05,4.65,0.08,-0.05,0.00,1
3,477,39,15,119,24,180,-1.70,8.05,4.68,0.07,-0.04,0.00,1
3,478,61,14,131,31,180,-1.70,8.04,4.68,0.06,-0.05,0.00,1
3,479,41,20,122,18,180,-1.71,8.03,4.64,0.07,-0.04,0.00,1
3,480,58,16,117,72,180,-1.71,8.04,4.62,0.08,-0.04,0.01,1
3,481,46,15,133,9,180,-1.70,8.04,4.65,0.08,-0.03,0.01,1
3,482,46,22,122,15,180,-1.70,8.01,4.66,0.08,-0.03,0.01,1
3,483,51,18,130,0,180,-1.71,8.01,4.64,0.07,-0.03,0.01,1
3,484,52,17,119,13,180,-1.71,8.02,4.62,0.07,-0.03,0.01,1
3,485,52,14,129,0,180,-1.71,8.01,4.62,0.07,-0.03,0.01,1
3,486,60,12,125,24,180,-1.71,8.00,4.62,0.07,-0.03,0.01,1
3,487,45,6,112,34,180,-1.70,8.01,4.60,0.05,-0.04,0.01,1
3,488,52,10,130,0,180,-1.71,8.02,4.59,0.04,-0.04,0.00,1
3,489,44,18,120,0,180,-1.71,8.04,4.59,0.04,-0.04,0.00,1
3,490,51,23,119,0,180,-1.72,8.05,4.60,0.03,-0.03,0.00,1
3,491,41,18,128,0,180,-1.73,8.05,4.61,0.04,-0.04,0.00,1
3,492,48,19,135,7,180,-1.73,8.07,4.62,0.04,-0.04,0.00,1
3,493,49,11,113,34,180,-1.73,8.05,4.62,0.05,-0.04,0.00,1
3,494,43,14,134,0,180,-1.72,8.02,4.62,0.05,-0.04,0.00,1
3,495,45,18,132,24,180,-1.72,8.02,4.63,0.04,-0.04,0.00,1
3,496,47,12,127,0,180,-1.73,8.03,4.64,0.04,-0.05,0.00,1
3,497,52,17,129,0,180,-1.75,8.03,4.65,0.05,-0.05,0.00,1
3,498,42,15,120,0,180,-1.76,8.04,4.65,0.06,-0.04,0.01,1
3,499,47,11,134,24,180,-1.76,8.03,4.67,0.07,-0.04,0.01,1
3,500,51,15,131,30,180,-1.74,7.97,4.66,0.08,-0.04,0.01,1
3,501,38,10,127,24,180,-1.73,7.95,4.64,0.05,-0.05,0.01,1
3,502,41,9,119,0,180,-1.75,7.97,4.63,0.02,-0.06,0.00,1
3,503,45,22,122,34,180,-1.77,8.03,4.64,0.01,-0.05,0.00,1
3,504,46,9,130,0,180,-1.77,8.04,4.66,0.03,-0.05,0.01,1
3,505,48,22,129,0,180,-1.78,8.03,4.66,0.04,-0.04,0.01,1
3,506,59,11,126,94,180,-1.78,8.01,4.66,0.04,-0.04,0.01,1
3,507,50,17,127,58,180,-1.77,8.00,4.66,0.03,-0.04,0.00,1
3,508,41,18,122,57,180,-1.77,7.99,4.67,0.03,-0.03,-0.00,1
3,509,53,14,121,0,180,-1.78,7.99,4.66,0.02,-0.03,-0.00,1
3,510,46,17,119,91,180,-1.79,8.01,4.68,0.03,-0.03,-0.00,1
3,511,44,24,126,72,180,-1.79,8.00,4.70,0.05,-0.03,-0.00,1
3,512,50,17,119,0,180,-1.78,7.95,4.70,0.06,-0.02,-0.00,1
3,513,48,14,134,13,180,-1.77,7.92,4.68,0.05,-0.03,-0.00,1
3,514,48,11,126,0,180,-1.78,7.92,4.68,0.04,-0.04,-0.00,1
3,515,42,11,121,28,180,-1.79,7.96,4.68,0.03,-0.04,-0.00,1
3,516,46,11,132,33,180,-1.80,7.98,4.70,0.05,-0.03,-0.00,1
3,517,44,11,126,79,180,-1.80,7.95,4.72,0.06,-0.03,0.00,1
3,518,55,10,122,76,180,-1.79,7.93,4.69,0.05,-0.03,0.00,1
3,519,34,12,133,58,180,-1.80,7.93,4.69,0.04,-0.04,0.00,1
3,520,29,18,125,19,180,-1.81,7.95,4.68,0.03,-0.04,0.00,1
3,521,41,6,126,22,180,-1.82,7.95,4.69,0.04,-0.03,0.01,1
3,522,52,15,135,24,180,-1.82,7.96,4.69,0.03,-0.03,0.01,1
3,523,51,13,119,63,180,-1.82,7.96,4.70,0.03,-0.02,0.01,1
3,524,38,6,134,0,180,-1.82,7.96,4.71,0.03,-0.02,0.01,1
3,525,51,3,122,54,180,-1.80,7.94,4.72,0.04,-0.01,0.01,1
3,526,41,0,122,22,180,-1.80,7.91,4.69,0.03,-0.02,0.01,1
3,527,56,6,119,0,180,-1.82,7.95,4.67,0.02,-0.03,0.01,1
3,528,44,4,126,0,180,-1.82,7.98,4.68,0.03,-0.02,0.01,1
3,529,44,6,133,7,180,-1.81,7.97,4.70,0.05,-0.01,0.01,1
3,530,46,2,120,22,180,-1.80,7.93,4.72,0.05,-0.00,0.01,1
3,531,38,7,114,9,180,-1.80,7.93,4.71,0.03,-0.01,0.01,1
3,532,45,0,127,13,180,-1.81,7.95,4.69,0.03,-0.01,0.01,1
3,533,35,0,121,13,180,-1.82,7.96,4.69,0.04,-0.01,0.00,1
3,534,41,4,111,0,180,-1.81,7.93,4.69,0.05,-0.01,0.00,1
3,535,54,3,115,0,180,-1.81,7.93,4.70,0.04,-0.01,0.00,1
3,536,42,2,120,15,180,-1.82,7.93,4.68,0.03,-0.01,0.00,1
3,537,39,0,122,0,180,-1.82,7.93,4.67,0.03,-0.01,0.00,1
3,538,40,0,126,0,180,-1.82,7.94,4.69,0.02,-0.01,0.00,1
3,539,49,2,128,21,180,-1.82,7.95,4.72,0.02,-0.01,0.00,1
3,540,44,1,113,61,180,-1.83,7.94,4.70,0.03,-0.01,0.00,1
3,541,50,0,122,0,180,-1.82,7.92,4.69,0.04,-0.00,0.01,1
3,542,38,0,122,10,180,-1.82,7.90,4.69,0.03,-0.01,0.01,1
3,543,42,0,115,21,180,-1.82,7.91,4.69,0.03,-0.00,0.01,1
3,544,51,0,117,0,180,-1.82,7.92,4.69,0.03,-0.01,0.01,1
3,545,55,3,118,49,180,-1.82,7.91,4.65,0.03,-0.01,0.01,1
3,546,55,0,122,34,180,-1.82,7.92,4.66,0.03,-0.00,0.01,1
3,547,49,0,121,4,180,-1.82,7.94,4.69,0.03,-0.00,0.01,1
3,548,33,0,122,0,180,-1.81,7.92,4.68,0.04,-0.00,0.01,1
3,549,52,0,128,0,180,-1.82,7.90,4.65,0.03,-0.01,0.01,1
3,550,51,0,120,33,180,-1.82,7.92,4.64,0.02,-0.01,0.01,1
4,650,64,20,104,180,180,1.22,8.79,2.06,0.14,1.24,1.50,1
4,651,71,25,113,180,180,1.63,9.14,1.92,0.05,1.26,1.52,1
4,652,61,28,119,180,180,2.03,9.51,1.73,-0.02,1.23,1.55,1
4,653,72,24,112,180,180,2.54,9.66,1.59,-0.01,1.20,1.51,1
4,654,65,32,122,180,180,3.04,9.65,1.52,-0.01,1.11,1.41,1
4,655,66,28,120,180,180,3.37,9.87,1.47,-0.03,0.96,1.29,1
4,656,64,25,113,180,180,3.63,10.11,1.55,0.05,0.80,1.17,1
4,657,87,19,109,180,180,3.91,10.14,1.60,0.15,0.65,1.05,1
4,658,73,27,119,180,180,4.17,10.11,1.63,0.21,0.50,0.93,1
4,659,76,14,115,180,180,4.35,10.18,1.74,0.24,0.35,0.84,1
4,660,64,20,111,180,180,4.46,10.26,1.79,0.30,0.22,0.78,1
4,661,72,18,122,180,180,4.60,10.26,1.75,0.38,0.12,0.72,1
4,662,62,29,119,180,180,4.76,10.13,1.74,0.43,0.02,0.68,1
4,663,73,21,117,180,180,4.78,10.06,1.67,0.45,-0.06,0.68,1
4,664,79,22,110,180,180,4.81,10.07,1.57,0.47,-0.05,0.72,1
4,665,73,28,120,180,180,5.00,9.92,1.55,0.52,0.06,0.78,1
4,666,60,22,110,180,180,5.25,9.61,1.45,0.49,0.18,0.83,1
4,667,68,18,116,180,180,5.46,9.49,1.37,0.39,0.27,0.88,1
4,668,70,14,113,180,180,5.56,9.61,1.30,0.30,0.34,0.92,1
4,669,70,20,114,180,180,5.71,9.78,1.23,0.29,0.46,0.96,1
4,670,81,20,120,180,180,5.99,9.66,1.14,0.32,0.57,0.98,1
4,671,72,16,114,180,180,6.30,9.34,1.01,0.30,0.65,0.98,1
4,672,68,20,119,180,180,6.53,9.27,0.92,0.21,0.70,0.97,1
4,673,74,19,119,180,180,6.73,9.43,0.88,0.17,0.76,0.96,1
4,674,84,20,118,180,180,7.01,9.47,0.89,0.22,0.82,0.95,1
4,675,64,23,119,180,180,7.37,9.19,0.84,0.26,0.84,0.93,1
4,676,71,16,119,180,180,7.65,9.04,0.80,0.24,0.82,0.88,1
4,677,68,26,119,180,180,7.85,9.07,0.79,0.22,0.82,0.84,1
4,678,64,24,114,180,180,8.09,9.03,0.79,0.26,0.84,0.81,1
4,679,72,15,120,180,180,8.35,8.82,0.78,0.30,0.83,0.76,1
4,680,67,19,111,180,180,8.57,8.66,0.74,0.29,0.79,0.71,1
4,681,58,15,126,180,180,8.72,8.66,0.74,0.29,0.76,0.66,1
4,682,64,18,105,180,180,8.86,8.62,0.82,0.31,0.75,0.62,1
4,683,64,24,119,180,180,9.04,8.45,0.95,0.34,0.73,0.57,1
4,684,59,17,114,180,180,9.22,8.23,1.04,0.34,0.70,0.52,1
4,685,74,17,120,180,180,9.40,8.12,1.09,0.30,0.67,0.47,1
4,686,52,18,117,180,180,9.61,8.01,1.13,0.27,0.64,0.41,1
4,687,52,29,133,180,180,9.83,7.93,1.19,0.24,0.60,0.36,1
4,688,73,22,116,180,180,10.01,7.86,1.28,0.21,0.54,0.31,1
4,689,61,18,126,180,180,10.16,7.80,1.34,0.19,0.47,0.27,1
4,690,61,20,115,180,180,10.30,7.73,1.36,0.18,0.40,0.23,1
4,691,68,23,121,180,180,10.44,7.68,1.36,0.16,0.33,0.20,1
4,692,51,31,114,180,180,10.54,7.67,1.37,0.14,0.26,0.17,1
4,693,62,22,121,180,180,10.60,7.68,1.36,0.12,0.19,0.15,1
4,694,62,23,114,180,180,10.61,7.70,1.35,0.10,0.14,0.12,1
4,695,63,29,116,180,180,10.59,7.72,1.37,0.09,0.10,0.11,1
4,696,62,21,108,180,180,10.57,7.74,1.39,0.10,0.08,0.10,1
4,697,65,17,125,180,180,10.58,7.72,1.40,0.10,0.07,0.09,1
4,698,70,27,109,180,180,10.60,7.72,1.38,0.08,0.07,0.07,1
4,699,59,24,122,180,180,10.60,7.74,1.36,0.07,0.07,0.06,1
4,700,68,15,118,180,180,10.62,7.77,1.36,0.07,0.08,0.06,1
4,701,62,27,112,180,180,10.64,7.75,1.36,0.08,0.09,0.05,1
4,702,57,25,118,180,180,10.68,7.71,1.36,0.09,0.10,0.05,1
4,703,65,22,122,180,180,10.73,7.69,1.36,0.08,0.11,0.05,1
4,704,65,25,118,180,180,10.77,7.71,1.35,0.08,0.12,0.04,1
4,705,72,26,120,180,180,10.84,7.72,1.35,0.08,0.12,0.04,1
4,706,60,26,115,180,180,10.89,7.70,1.34,0.08,0.12,0.03,1
4,707,64,20,114,180,180,10.92,7.69,1.35,0.08,0.11,0.03,1
4,708,45,22,112,180,180,10.93,7.71,1.35,0.07,0.09,0.02,1
4,709,51,31,119,180,180,10.94,7.73,1.35,0.07,0.08,0.01,1
4,710,54,24,122,180,180,10.95,7.72,1.36,0.08,0.06,0.01,1
4,711,48,25,113,180,180,10.95,7.69,1.36,0.08,0.05,0.00,1
4,712,51,25,119,180,180,10.95,7.66,1.35,0.07,0.03,0.00,1
4,713,61,17,119,180,180,10.93,7.63,1.35,0.07,0.03,-0.00,1
4,714,59,23,122,180,180,10.90,7.61,1.36,0.06,0.02,0.00,1
4,715,55,25,120,180,180,10.87,7.60,1.37,0.07,0.02,0.01,1
4,716,43,19,114,180,180,10.86,7.59,1.37,0.06,0.03,0.01,1
4,717,48,25,114,180,180,10.85,7.57,1.37,0.06,0.04,0.02,1
4,718,56,28,114,180,180,10.85,7.56,1.38,0.05,0.06,0.03,1
4,719,52,22,114,180,180,10.87,7.55,1.39,0.04,0.08,0.03,1
4,720,51,20,114,180,180,10.91,7.53,1.39,0.03,0.10,0.03,1
4,721,40,20,110,180,180,10.94,7.54,1.40,0.01,0.12,0.04,1
4,722,46,18,120,180,180,10.96,7.59,1.42,-0.00,0.13,0.04,1
4,723,55,22,121,180,180,11.00,7.62,1.44,-0.01,0.13,0.04,1
4,724,61,18,114,180,180,11.04,7.62,1.43,-0.00,0.13,0.04,1
4,725,56,21,107,180,180,11.07,7.63,1.42,-0.01,0.11,0.04,1
4,726,48,24,114,180,180,11.10,7.66,1.43,-0.01,0.11,0.03,1
4,727,64,21,119,180,180,11.13,7.68,1.44,-0.01,0.09,0.03,1
4,728,47,23,121,180,180,11.15,7.70,1.46,0.00,0.08,0.03,1
4,729,52,20,109,180,180,11.17,7.70,1.47,0.01,0.06,0.03,1
4,730,56,25,126,180,180,11.17,7.70,1.47,0.02,0.04,0.02,1
4,731,51,25,121,180,180,11.17,7.70,1.48,0.03,0.02,0.02,1
4,732,55,19,115,180,180,11.16,7.71,1.49,0.03,0.01,0.01,1
4,733,54,25,117,180,180,11.15,7.72,1.50,0.04,0.00,0.01,1
4,734,49,27,118,180,180,11.15,7.72,1.53,0.05,-0.00,0.01,1
4,735,52,31,109,180,180,11.16,7.68,1.54,0.05,-0.00,0.00,1
4,736,57,26,107,180,180,11.15,7.65,1.54,0.05,-0.00,-0.00,1
4,737,59,22,114,180,180,11.15,7.64,1.55,0.05,-0.00,-0.01,1
4,738,59,21,115,180,180,11.15,7.63,1.55,0.05,-0.00,-0.01,1
4,739,48,20,119,180,180,11.15,7.63,1.55,0.05,0.00,-0.01,1
4,740,52,29,118,180,180,11.17,7.63,1.55,0.05,0.01,-0.00,1
4,741,53,19,119,180,180,11.20,7.62,1.56,0.05,0.01,0.00,1
4,742,59,22,115,180,180,11.22,7.60,1.56,0.05,0.01,0.00,1
4,743,45,22,111,180,180,11.23,7.58,1.55,0.05,0.01,0.01,1
4,744,38,21,109,180,180,11.24,7.58,1.55,0.04,0.01,0.01,1
4,745,61,29,116,180,180,11.23,7.59,1.56,0.04,0.00,0.02,1
4,746,50,27,118,180,180,11.23,7.59,1.56,0.04,0.00,0.03,1
4,747,48,24,118,180,180,11.23,7.58,1.56,0.04,0.00,0.03,1
4,748,55,20,110,180,180,11.22,7.57,1.57,0.04,0.00,0.03,1
4,749,57,31,106,180,180,11.22,7.57,1.59,0.03,0.00,0.03,1
4,750,55,31,125,180,180,11.20,7.57,1.59,0.03,0.01,0.03,1
5,100,17,37,180,180,180,0.16,-0.97,-0.13,-0.06,0.08,-0.00,1
5,101,21,35,180,180,180,0.17,-0.96,-0.12,-0.06,0.07,0.00,1
5,102,16,30,180,180,180,0.16,-0.96,-0.16,-0.06,0.07,0.00,1
5,103,15,35,180,180,180,0.17,-0.96,-0.17,-0.06,0.08,0.00,1
5,104,22,28,180,180,180,0.18,-0.95,-0.19,-0.06,0.08,0.00,1
5,105,25,42,180,180,180,0.20,-0.95,-0.19,-0.06,0.08,0.00,1
5,106,12,32,180,180,180,0.21,-0.94,-0.22,-0.07,0.07,0.01,1
5,107,19,30,180,180,180,0.20,-0.94,-0.25,-0.06,0.07,0.00,1
5,108,14,33,180,180,180,0.21,-0.95,-0.26,-0.06,0.07,0.00,1
5,109,16,34,180,180,180,0.22,-0.94,-0.24,-0.06,0.07,0.00,1
5,110,11,32,180,180,180,0.22,-0.94,-0.25,-0.06,0.06,-0.00,1
5,111,5,36,180,180,180,0.22,-0.95,-0.27,-0.06,0.05,-0.00,1
5,112,18,31,180,180,180,0.22,-0.96,-0.27,-0.06,0.05,-0.00,1
5,113,16,25,180,180,180,0.22,-0.96,-0.24,-0.07,0.05,-0.00,1
5,114,14,29,180,180,180,0.23,-0.97,-0.20,-0.07,0.04,-0.01,1
5,115,12,36,180,180,180,0.20,-0.98,-0.21,-0.07,0.03,-0.01,1
5,116,12,33,180,180,180,0.20,-0.98,-0.22,-0.07,0.04,-0.00,1
5,117,5,31,180,180,180,0.20,-0.98,-0.21,-0.08,0.04,-0.00,1
5,118,0,34,180,180,180,0.21,-0.96,-0.20,-0.07,0.04,-0.00,1
5,119,9,36,180,180,180,0.20,-0.96,-0.21,-0.07,0.05,-0.00,1
5,120,12,28,180,180,180,0.20,-0.97,-0.21,-0.07,0.05,-0.00,1
5,121,12,39,180,180,180,0.21,-0.97,-0.20,-0.07,0.05,-0.01,1
5,122,6,38,180,180,180,0.21,-0.96,-0.18,-0.07,0.05,-0.01,1
5,123,6,32,180,180,180,0.21,-0.97,-0.18,-0.06,0.05,-0.01,1
5,124,8,35,180,180,180,0.20,-0.98,-0.21,-0.07,0.05,-0.01,1
5,125,17,35,180,180,180,0.22,-0.97,-0.20,-0.07,0.05,-0.01,1
5,126,12,35,180,180,180,0.22,-0.98,-0.19,-0.07,0.05,-0.01,1
5,127,8,33,180,180,180,0.23,-0.99,-0.19,-0.07,0.05,-0.01,1
5,128,19,33,180,180,180,0.23,-1.00,-0.19,-0.07,0.05,-0.01,1
5,129,10,30,180,180,180,0.23,-1.01,-0.18,-0.06,0.04,-0.01,1
5,130,12,39,180,180,180,0.23,-1.02,-0.20,-0.06,0.04,-0.00,1
5,131,3,35,180,180,180,0.23,-1.01,-0.20,-0.07,0.04,-0.00,1
5,132,14,36,180,180,180,0.23,-1.01,-0.21,-0.06,0.04,-0.00,1
5,133,6,36,180,180,180,0.23,-1.00,-0.21,-0.07,0.04,-0.00,1
5,134,10,32,180,180,180,0.23,-0.99,-0.20,-0.07,0.05,-0.00,1
5,135,7,32,180,180,180,0.23,-0.99,-0.20,-0.07,0.05,-0.01,1
5,136,12,33,180,180,180,0.24,-0.99,-0.20,-0.07,0.05,-0.01,1
5,137,5,33,180,180,180,0.24,-1.00,-0.20,-0.07,0.06,-0.01,1
5,138,1,35,180,180,180,0.24,-1.01,-0.22,-0.08,0.05,-0.01,1
5,139,15,30,180,180,180,0.25,-1.01,-0.24,-0.08,0.06,-0.01,1
5,140,10,35,180,180,180,0.26,-1.01,-0.24,-0.08,0.06,-0.01,1
5,141,17,33,180,180,180,0.26,-1.01,-0.25,-0.08,0.06,-0.01,1
5,142,11,29,180,180,180,0.26,-1.01,-0.24,-0.09,0.05,-0.01,1
5,143,13,41,180,180,180,0.26,-1.00,-0.25,-0.09,0.05,-0.01,1
5,144,12,35,180,180,180,0.27,-1.02,-0.25,-0.09,0.05,-0.01,1
5,145,1,36,180,180,180,0.27,-1.01,-0.27,-0.09,0.04,-0.01,1
5,146,10,31,180,180,180,0.26,-1.01,-0.29,-0.09,0.04,-0.01,1
5,147,19,39,180,180,180,0.27,-1.01,-0.27,-0.09,0.04,-0.01,1
5,148,24,32,180,180,180,0.27,-0.99,-0.25,-0.09,0.04,-0.01,1
5,149,6,29,180,180,180,0.26,-0.99,-0.25,-0.09,0.03,-0.01,1
5,150,6,36,180,180,180,0.26,-0.99,-0.26,-0.09,0.04,-0.01,1
5,151,12,30,180,180,180,0.26,-0.98,-0.23,-0.09,0.04,-0.01,1
5,152,17,34,180,180,180,0.26,-0.98,-0.22,-0.09,0.04,-0.01,1
5,153,23,28,180,180,180,0.26,-0.99,-0.22,-0.08,0.04,-0.01,1
5,154,15,31,180,180,180,0.25,-0.98,-0.22,-0.08,0.04,-0.01,1
5,155,12,32,180,180,180,0.26,-0.98,-0.21,-0.08,0.05,-0.01,1
5,156,20,35,180,180,180,0.27,-0.98,-0.19,-0.08,0.05,-0.01,1
5,157,24,37,180,180,180,0.26,-0.97,-0.19,-0.08,0.05,-0.02,1
5,158,9,35,180,180,180,0.26,-0.98,-0.21,-0.08,0.05,-0.02,1
5,159,8,30,180,180,180,0.26,-1.00,-0.22,-0.08,0.05,-0.02,1
5,160,21,33,180,180,180,0.28,-0.99,-0.21,-0.09,0.05,-0.02,1
5,161,9,34,180,180,180,0.28,-0.99,-0.24,-0.08,0.05,-0.02,1
5,162,11,29,180,180,180,0.29,-1.00,-0.25,-0.08,0.06,-0.02,1
5,163,10,38,180,180,180,0.29,-1.00,-0.25,-0.09,0.06,-0.02,1
5,164,13,28,180,180,180,0.29,-1.01,-0.25,-0.09,0.05,-0.02,1
5,165,6,28,180,180,180,0.29,-1.01,-0.25,-0.08,0.05,-0.01,1
5,166,5,31,180,180,180,0.29,-1.01,-0.26,-0.08,0.05,-0.01,1
5,167,13,30,180,180,180,0.29,-1.01,-0.26,-0.08,0.06,-0.01,1
5,168,12,33,180,180,180,0.31,-1.00,-0.24,-0.09,0.07,-0.01,1
5,169,15,31,180,180,180,0.31,-0.99,-0.24,-0.09,0.07,-0.01,1
5,170,15,36,180,180,180,0.30,-1.00,-0.25,-0.09,0.07,-0.01,1
5,171,13,23,180,180,180,0.31,-1.00,-0.26,-0.09,0.07,-0.01,1
5,172,17,30,180,180,180,0.31,-1.00,-0.27,-0.08,0.07,-0.01,1
5,173,16,33,180,180,180,0.33,-1.00,-0.27,-0.08,0.08,-0.01,1
5,174,0,31,180,180,180,0.34,-0.98,-0.26,-0.09,0.08,-0.01,1
5,175,5,28,180,180,180,0.34,-0.99,-0.29,-0.08,0.08,-0.01,1
5,176,9,34,180,180,180,0.35,-0.99,-0.29,-0.09,0.08,-0.02,1
5,177,3,32,180,180,180,0.37,-0.99,-0.29,-0.09,0.08,-0.02,1
5,178,8,35,180,180,180,0.37,-1.00,-0.30,-0.10,0.07,-0.01,1
5,179,12,36,180,180,180,0.38,-1.01,-0.31,-0.09,0.07,-0.01,1
5,180,12,31,180,180,180,0.39,-1.00,-0.30,-0.10,0.07,-0.01,1
5,181,9,34,180,180,180,0.39,-0.99,-0.30,-0.09,0.07,-0.01,1
5,182,16,31,180,180,180,0.39,-0.99,-0.30,-0.10,0.06,-0.01,1
5,183,17,26,180,180,180,0.39,-0.97,-0.30,-0.10,0.06,-0.00,1
5,184,12,35,180,180,180,0.39,-0.98,-0.31,-0.09,0.06,-0.01,1
5,185,2,33,180,180,180,0.40,-0.97,-0.30,-0.10,0.05,-0.00,1
5,186,7,30,180,180,180,0.39,-0.96,-0.29,-0.10,0.05,-0.00,1
5,187,0,37,180,180,180,0.39,-0.97,-0.31,-0.09,0.04,-0.00,1
5,188,10,32,180,180,180,0.39,-0.96,-0.32,-0.08,0.05,-0.01,1
5,189,6,32,180,180,180,0.39,-0.96,-0.32,-0.09,0.05,-0.01,1
5,190,10,28,180,180,180,0.40,-0.95,-0.31,-0.09,0.06,-0.01,1
5,191,4,39,180,180,180,0.40,-0.96,-0.31,-0.09,0.06,-0.01,1
5,192,17,35,180,180,180,0.40,-0.95,-0.31,-0.10,0.06,-0.01,1
5,193,17,31,180,180,180,0.40,-0.95,-0.34,-0.10,0.06,-0.01,1
5,194,17,34,180,180,180,0.41,-0.95,-0.36,-0.11,0.07,-0.01,1
5,195,19,35,180,180,180,0.43,-0.94,-0.32,-0.11,0.07,-0.01,1
5,196,16,31,180,180,180,0.43,-0.93,-0.30,-0.11,0.05,-0.01,1
5,197,25,31,180,180,180,0.41,-0.93,-0.35,-0.10,0.04,-0.02,1
5,198,13,30,180,180,180,0.43,-0.92,-0.33,-0.11,0.03,-0.02,1
5,199,17,38,180,180,180,0.44,-0.91,-0.31,-0.10,-0.00,-0.02,1
5,200,22,39,180,180,180,0.42,-0.91,-0.31,-0.08,-0.03,-0.02,1
6,350,145,30,180,180,180,-0.11,0.07,-0.86,-0.43,0.71,-0.75,1
6,351,141,36,180,180,180,0.03,0.07,-0.87,-0.49,0.81,-0.81,1
6,352,140,29,180,180,180,0.26,0.12,-0.85,-0.50,0.93,-0.87,1
6,353,141,31,180,180,180,0.52,0.16,-0.83,-0.54,1.02,-0.91,1
6,354,129,29,180,180,180,0.82,0.24,-0.73,-0.57,1.12,-0.95,1
6,355,129,32,180,180,180,1.13,0.31,-0.62,-0.62,1.20,-0.97,1
6,356,128,30,180,180,180,1.43,0.38,-0.51,-0.67,1.29,-1.00,1
6,357,133,31,180,180,180,1.72,0.52,-0.42,-0.71,1.39,-1.02,1
6,358,128,32,180,180,180,2.05,0.58,-0.34,-0.72,1.50,-1.03,1
6,359,124,36,180,180,180,2.40,0.61,-0.29,-0.71,1.62,-1.03,1
6,360,136,36,180,180,180,2.78,0.69,-0.34,-0.73,1.71,-1.03,1
6,361,128,33,180,180,180,3.16,0.70,-0.46,-0.65,1.83,-1.02,1
6,362,124,29,180,180,180,3.60,0.64,-0.61,-0.64,1.93,-0.99,1
6,363,125,24,180,180,180,3.99,0.74,-0.70,-0.73,1.96,-0.94,1
6,364,121,24,180,180,180,4.40,0.90,-0.76,-0.76,1.99,-0.89,1
6,365,129,25,180,180,180,4.84,1.01,-0.85,-0.69,2.04,-0.83,1
6,366,120,25,180,180,180,5.28,1.04,-0.97,-0.63,2.06,-0.78,1
6,367,123,25,180,180,180,5.75,1.02,-1.03,-0.65,2.06,-0.72,1
6,368,130,26,180,180,180,6.18,1.14,-1.05,-0.70,2.04,-0.67,1
6,369,111,29,180,180,180,6.58,1.35,-0.99,-0.73,2.04,-0.61,1
6,370,122,26,180,180,180,7.02,1.49,-0.81,-0.65,2.05,-0.54,1
6,371,116,25,180,180,180,7.47,1.58,-0.65,-0.63,2.03,-0.48,1
6,372,119,29,180,180,180,7.91,1.69,-0.47,-0.60,2.00,-0.41,1
6,373,109,25,180,180,180,8.36,1.72,-0.35,-0.52,2.00,-0.35,1
6,374,115,36,180,180,180,8.78,1.81,-0.20,-0.50,1.99,-0.29,1
6,375,114,29,180,180,180,9.21,1.92,0.05,-0.51,1.96,-0.23,1
6,376,98,26,180,180,180,9.61,2.08,0.28,-0.49,1.92,-0.18,1
6,377,94,25,180,180,180,9.99,2.21,0.46,-0.42,1.87,-0.13,1
6,378,100,30,180,180,180,10.35,2.28,0.64,-0.36,1.81,-0.08,1
6,379,100,23,180,180,180,10.66,2.35,0.76,-0.33,1.73,-0.05,1
6,380,102,22,180,180,180,10.96,2.44,0.85,-0.29,1.63,-0.02,1
6,381,95,24,180,180,180,11.21,2.54,0.94,-0.24,1.53,-0.00,1
6,382,93,23,180,180,180,11.43,2.60,1.01,-0.21,1.40,0.01,1
6,383,93,24,180,180,180,11.62,2.66,1.10,-0.17,1.27,0.01,1
6,384,92,27,180,180,180,11.78,2.71,1.22,-0.12,1.12,0.01,1
6,385,92,21,180,180,180,11.89,2.75,1.27,-0.07,0.97,0.01,1
6,386,91,18,180,180,180,12.00,2.69,1.34,-0.01,0.83,0.00,1
6,387,90,22,180,180,180,12.08,2.66,1.40,0.00,0.70,-0.00,1
6,388,86,20,180,180,180,12.14,2.66,1.47,0.02,0.57,-0.01,1
6,389,85,29,180,180,180,12.19,2.64,1.56,0.04,0.46,-0.02,1
6,390,89,21,180,180,180,12.24,2.60,1.62,0.05,0.36,-0.03,1
6,391,98,21,180,180,180,12.28,2.59,1.72,0.02,0.28,-0.03,1
6,392,97,24,180,180,180,12.29,2.64,1.81,0.01,0.21,-0.04,1
6,393,88,26,180,180,180,12.31,2.62,1.91,0.05,0.17,-0.05,1
6,394,84,23,180,180,180,12.33,2.55,1.95,0.07,0.15,-0.05,1
6,395,90,23,180,180,180,12.35,2.48,2.00,0.04,0.12,-0.06,1
6,396,101,28,180,180,180,12.35,2.53,2.10,0.00,0.10,-0.06,1
6,397,89,21,180,180,180,12.35,2.57,2.16,0.02,0.09,-0.05,1
6,398,88,23,180,180,180,12.38,2.54,2.21,0.04,0.10,-0.05,1
6,399,89,23,180,180,180,12.40,2.48,2.20,0.03,0.10,-0.05,1
6,400,84,24,180,180,180,12.41,2.48,2.23,0.00,0.09,-0.04,1
6,401,95,22,180,180,180,12.41,2.46,2.24,0.00,0.09,-0.04,1
6,402,89,18,180,180,180,12.42,2.45,2.26,-0.00,0.09,-0.03,1
6,403,92,21,180,180,180,12.43,2.44,2.27,-0.02,0.08,-0.02,1
6,404,89,21,180,180,180,12.41,2.44,2.28,-0.03,0.07,-0.01,1
6,405,86,21,180,180,180,12.40,2.44,2.29,-0.04,0.06,-0.00,1
6,406,97,25,180,180,180,12.41,2.43,2.28,-0.04,0.06,0.00,1
6,407,86,28,180,180,180,12.41,2.38,2.27,-0.04,0.05,0.01,1
6,408,92,21,180,180,180,12.40,2.35,2.24,-0.06,0.04,0.02,1
6,409,90,21,180,180,180,12.39,2.37,2.24,-0.07,0.04,0.03,1
6,410,90,28,180,180,180,12.40,2.34,2.21,-0.06,0.04,0.04,1
6,411,95,23,180,180,180,12.40,2.33,2.18,-0.08,0.03,0.05,1
6,412,90,25,180,180,180,12.39,2.33,2.15,-0.09,0.02,0.06,1
6,413,98,22,180,180,180,12.38,2.36,2.13,-0.11,0.02,0.07,1
6,414,96,18,180,180,180,12.36,2.41,2.12,-0.12,0.01,0.07,1
6,415,90,25,180,180,180,12.34,2.46,2.12,-0.12,0.01,0.07,1
6,416,94,24,180,180,180,12.32,2.49,2.11,-0.11,0.00,0.06,1
6,417,102,26,180,180,180,12.30,2.51,2.10,-0.10,0.00,0.05,1
6,418,89,26,180,180,180,12.31,2.51,2.08,-0.08,0.00,0.04,1
6,419,88,25,180,180,180,12.31,2.50,2.07,-0.09,-0.00,0.02,1
6,420,90,18,180,180,180,12.30,2.52,2.08,-0.10,-0.01,0.00,1
6,421,90,23,180,180,180,12.30,2.51,2.08,-0.09,-0.01,-0.01,1
6,422,86,21,180,180,180,12.29,2.48,2.09,-0.10,-0.01,-0.03,1
6,423,102,20,180,180,180,12.28,2.48,2.09,-0.09,-0.00,-0.03,1
6,424,94,25,180,180,180,12.30,2.44,2.07,-0.06,0.01,-0.04,1
6,425,90,21,180,180,180,12.31,2.37,2.04,-0.04,0.02,-0.04,1
6,426,94,14,180,180,180,12.33,2.33,2.01,-0.05,0.01,-0.03,1
6,427,88,19,180,180,180,12.34,2.32,2.01,-0.05,0.02,-0.02,1
6,428,80,21,180,180,180,12.32,2.33,2.03,-0.04,0.02,-0.01,1
6,429,91,21,180,180,180,12.32,2.31,2.03,-0.03,0.03,-0.00,1
6,430,85,22,180,180,180,12.32,2.32,2.02,-0.04,0.03,0.00,1
6,431,86,18,180,180,180,12.30,2.39,2.03,-0.04,0.03,0.01,1
6,432,88,18,180,180,180,12.31,2.41,2.04,-0.02,0.05,0.01,1
6,433,81,18,180,180,180,12.31,2.37,2.03,0.00,0.06,0.01,1
6,434,87,28,180,180,180,12.30,2.34,2.02,-0.02,0.05,0.00,1
6,435,82,25,180,180,180,12.30,2.36,2.02,-0.04,0.05,0.00,1
6,436,98,18,180,180,180,12.30,2.38,2.02,-0.03,0.06,-0.00,1
6,437,81,20,180,180,180,12.30,2.36,2.00,-0.04,0.05,-0.00,1
6,438,72,21,180,180,180,12.30,2.36,1.98,-0.06,0.05,-0.01,1
6,439,93,17,180,180,180,12.29,2.40,1.98,-0.07,0.05,-0.02,1
6,440,92,18,180,180,180,12.28,2.40,1.99,-0.06,0.05,-0.02,1
6,441,79,25,180,180,180,12.28,2.35,2.00,-0.05,0.05,-0.03,1
6,442,87,19,180,180,180,12.26,2.33,2.00,-0.08,0.04,-0.03,1
6,443,88,20,180,180,180,12.24,2.34,2.01,-0.11,0.04,-0.03,1
6,444,76,21,180,180,180,12.22,2.37,2.02,-0.11,0.04,-0.03,1
6,445,85,15,180,180,180,12.22,2.38,2.00,-0.11,0.05,-0.03,1
6,446,78,28,180,180,180,12.24,2.40,1.99,-0.12,0.06,-0.04,1
6,447,85,24,180,180,180,12.27,2.43,1.98,-0.11,0.06,-0.04,1
6,448,78,25,180,180,180,12.30,2.45,1.98,-0.11,0.06,-0.04,1
6,449,84,23,180,180,180,12.34,2.45,1.98,-0.10,0.06,-0.04,1
6,450,78,25,180,180,180,12.38,2.46,2.02,-0.09,0.05,-0.04,1
7,700,76,19,180,180,180,-0.71,2.07,0.70,-0.13,0.00,0.04,1
7,701,83,28,180,180,180,-0.74,2.10,0.75,-0.14,0.01,0.04,1
7,702,71,15,180,180,180,-0.75,2.12,0.78,-0.14,0.01,0.04,1
7,703,84,15,180,180,180,-0.73,2.16,0.78,-0.16,0.01,0.04,1
7,704,72,22,180,180,180,-0.74,2.22,0.75,-0.17,0.02,0.04,1
7,705,88,18,180,180,180,-0.73,2.27,0.74,-0.19,0.03,0.03,1
7,706,75,14,180,180,180,-0.72,2.29,0.74,-0.20,0.02,0.03,1
7,707,78,16,180,180,180,-0.71,2.28,0.75,-0.21,0.02,0.02,1
7,708,78,13,180,180,180,-0.71,2.26,0.77,-0.20,0.02,0.03,1
7,709,81,21,180,180,180,-0.68,2.27,0.80,-0.19,0.02,0.04,1
7,710,72,15,180,180,180,-0.67,2.31,0.81,-0.18,0.03,0.05,1
7,711,69,24,180,180,180,-0.66,2.35,0.77,-0.17,0.04,0.06,1
7,712,91,17,180,180,180,-0.66,2.42,0.76,-0.17,0.04,0.06,1
7,713,73,17,180,180,180,-0.69,2.45,0.77,-0.15,0.04,0.06,1
7,714,84,18,180,180,180,-0.67,2.46,0.78,-0.12,0.04,0.06,1
7,715,82,15,180,180,180,-0.67,2.47,0.78,-0.11,0.04,0.05,1
7,716,80,17,180,180,180,-0.68,2.49,0.79,-0.09,0.04,0.05,1
7,717,84,10,180,180,180,-0.68,2.55,0.79,-0.07,0.04,0.05,1
7,718,77,9,180,180,180,-0.67,2.60,0.78,-0.06,0.05,0.04,1
7,719,81,23,180,180,180,-0.67,2.62,0.75,-0.06,0.05,0.03,1
7,720,86,16,180,180,180,-0.68,2.61,0.75,-0.05,0.05,0.02,1
7,721,88,18,180,180,180,-0.67,2.57,0.76,-0.05,0.05,0.01,1
7,722,73,26,180,180,180,-0.67,2.53,0.76,-0.04,0.05,0.00,1
7,723,84,17,180,180,180,-0.65,2.48,0.76,-0.04,0.05,0.00,1
7,724,72,14,180,180,180,-0.65,2.43,0.76,-0.02,0.05,0.00,1
7,725,84,21,180,180,180,-0.65,2.38,0.76,-0.02,0.05,0.01,1
7,726,74,25,180,180,180,-0.64,2.36,0.76,-0.02,0.06,0.02,1
7,727,59,11,180,180,180,-0.64,2.37,0.75,-0.01,0.06,0.03,1
7,728,73,14,180,180,180,-0.64,2.38,0.73,-0.01,0.06,0.03,1
7,729,78,16,180,180,180,-0.64,2.41,0.75,-0.03,0.06,0.04,1
7,730,74,12,180,180,180,-0.63,2.45,0.73,-0.03,0.06,0.04,1
7,731,65,10,180,180,180,-0.63,2.46,0.71,-0.03,0.06,0.03,1
7,732,84,20,180,180,180,-0.62,2.47,0.72,-0.03,0.06,0.03,1
7,733,62,18,180,180,180,-0.62,2.48,0.72,-0.04,0.06,0.03,1
7,734,85,25,180,180,180,-0.61,2.48,0.73,-0.05,0.06,0.02,1
7,735,66,17,180,180,180,-0.61,2.48,0.71,-0.06,0.05,0.02,1
7,736,88,19,180,180,180,-0.61,2.49,0.69,-0.07,0.05,0.01,1
7,737,76,32,180,180,180,-0.60,2.50,0.70,-0.08,0.05,0.01,1
7,738,76,24,180,180,180,-0.59,2.49,0.72,-0.08,0.05,0.00,1
7,739,66,28,180,180,180,-0.60,2.47,0.70,-0.09,0.05,-0.00,1
7,740,72,32,180,180,180,-0.60,2.45,0.72,-0.09,0.05,-0.00,1
7,741,76,26,180,180,180,-0.58,2.43,0.73,-0.09,0.04,-0.00,1
7,742,58,27,180,180,180,-0.59,2.42,0.70,-0.10,0.03,0.00,1
7,743,72,27,180,180,180,-0.59,2.42,0.68,-0.10,0.03,0.01,1
7,744,72,34,180,180,180,-0.59,2.45,0.69,-0.11,0.03,0.01,1
7,745,69,36,180,180,180,-0.59,2.47,0.72,-0.10,0.04,0.01,1
7,746,66,31,180,180,180,-0.59,2.49,0.75,-0.10,0.04,0.00,1
7,747,64,33,180,180,180,-0.61,2.49,0.73,-0.09,0.04,0.00,1
7,748,65,27,180,180,180,-0.61,2.49,0.72,-0.09,0.04,-0.00,1
7,749,63,32,180,180,180,-0.60,2.48,0.73,-0.08,0.05,-0.00,1
7,750,82,26,180,180,180,-0.58,2.46,0.72,-0.08,0.06,-0.00,1
7,751,77,24,180,180,180,-0.59,2.46,0.70,-0.08,0.06,-0.00,1
7,752,77,24,180,180,180,-0.58,2.47,0.70,-0.07,0.07,-0.01,1
7,753,77,32,180,180,180,-0.57,2.48,0.70,-0.07,0.07,-0.01,1
7,754,78,30,180,180,180,-0.57,2.50,0.69,-0.07,0.07,-0.01,1
7,755,65,25,180,180,180,-0.57,2.49,0.66,-0.07,0.08,-0.01,1
7,756,74,25,180,180,180,-0.56,2.48,0.63,-0.06,0.08,-0.01,1
7,757,76,29,180,180,180,-0.53,2.45,0.65,-0.06,0.09,-0.01,1
7,758,73,32,180,180,180,-0.52,2.42,0.64,-0.06,0.09,-0.01,1
7,759,71,29,180,180,180,-0.52,2.43,0.62,-0.07,0.08,-0.00,1
7,760,72,35,180,180,180,-0.52,2.47,0.62,-0.08,0.09,-0.00,1
7,761,78,26,180,180,180,-0.50,2.48,0.63,-0.07,0.10,-0.00,1
7,762,61,35,180,180,180,-0.49,2.47,0.67,-0.06,0.09,-0.00,1
7,763,68,32,180,180,180,-0.49,2.45,0.64,-0.06,0.09,-0.00,1
7,764,77,36,180,180,180,-0.48,2.44,0.62,-0.06,0.08,-0.00,1
7,765,69,33,180,180,180,-0.46,2.43,0.62,-0.06,0.08,0.00,1
7,766,75,31,180,180,180,-0.45,2.42,0.61,-0.06,0.07,0.01,1
7,767,67,28,180,180,180,-0.46,2.44,0.60,-0.06,0.06,0.01,1
7,768,61,20,180,180,180,-0.45,2.46,0.60,-0.06,0.05,0.00,1
7,769,72,20,180,180,180,-0.46,2.45,0.62,-0.05,0.04,-0.00,1
7,770,62,25,180,180,180,-0.45,2.42,0.63,-0.05,0.04,0.00,1
7,771,60,22,180,180,180,-0.46,2.40,0.62,-0.05,0.03,0.00,1
7,772,70,22,180,180,180,-0.47,2.40,0.59,-0.05,0.03,0.01,1
7,773,79,21,180,180,180,-0.46,2.41,0.61,-0.05,0.03,0.01,1
7,774,59,11,180,180,180,-0.46,2.41,0.63,-0.05,0.03,0.01,1
7,775,70,17,180,180,180,-0.46,2.40,0.64,-0.05,0.04,0.01,1
7,776,66,8,180,180,180,-0.47,2.40,0.63,-0.05,0.04,0.01,1
7,777,69,14,180,180,180,-0.47,2.39,0.62,-0.05,0.05,0.01,1
7,778,76,13,180,180,180,-0.47,2.39,0.62,-0.05,0.06,0.01,1
7,779,69,14,180,180,180,-0.45,2.39,0.61,-0.05,0.07,0.02,1
7,780,73,24,180,180,180,-0.45,2.39,0.59,-0.04,0.08,0.02,1
7,781,77,15,180,180,180,-0.44,2.40,0.56,-0.04,0.09,0.02,1
7,782,71,22,180,180,180,-0.42,2.40,0.57,-0.04,0.09,0.02,1
7,783,68,19,180,180,180,-0.41,2.39,0.57,-0.03,0.09,0.02,1
7,784,68,18,180,180,180,-0.40,2.39,0.55,-0.03,0.09,0.02,1
7,785,77,7,180,180,180,-0.40,2.40,0.52,-0.03,0.09,0.02,1
7,786,78,15,180,180,180,-0.38,2.39,0.52,-0.03,0.09,0.01,1
7,787,88,21,180,180,180,-0.37,2.38,0.50,-0.02,0.09,0.01,1
7,788,72,15,180,180,180,-0.36,2.37,0.49,-0.02,0.08,0.01,1
7,789,77,11,180,180,180,-0.35,2.36,0.48,-0.03,0.07,0.01,1
7,790,79,12,180,180,180,-0.34,2.35,0.48,-0.03,0.07,0.01,1
7,791,68,14,180,180,180,-0.33,2.34,0.49,-0.03,0.06,0.01,1
7,792,74,8,180,180,180,-0.33,2.34,0.47,-0.04,0.06,0.01,1
7,793,74,20,180,180,180,-0.33,2.34,0.47,-0.04,0.06,0.01,1
7,794,81,15,180,180,180,-0.33,2.33,0.47,-0.03,0.05,0.01,1
7,795,64,14,180,180,180,-0.33,2.32,0.46,-0.03,0.05,0.01,1
7,796,75,25,180,180,180,-0.33,2.30,0.45,-0.04,0.05,0.01,1
7,797,72,21,180,180,180,-0.33,2.30,0.42,-0.05,0.05,0.01,1
7,798,68,22,180,180,180,-0.31,2.31,0.44,-0.05,0.05,0.01,1
7,799,89,14,180,180,180,-0.31,2.31,0.45,-0.05,0.05,0.01,1
7,800,74,9,180,180,180,-0.32,2.30,0.44,-0.05,0.06,0.01,1
1230,92,22,180,180,180,1.00,-1.29,-0.64,-0.05,0.05,0.02,1
1231,95,27,180,180,180,1.00,-1.31,-0.65,-0.04,0.05,0.02,1
1232,93,28,180,180,180,1.00,-1.31,-0.64,-0.05,0.05,0.02,1
1233,92,23,180,180,180,1.00,-1.30,-0.63,-0.05,0.05,0.02,1
1234,98,24,180,180,180,0.99,-1.31,-0.62,-0.04,0.05,0.02,1
1235,85,28,180,180,180,1.00,-1.30,-0.62,-0.04,0.05,0.02,1
1236,85,23,180,180,180,1.00,-1.30,-0.61,-0.04,0.04,0.01,1
1237,98,22,180,180,180,1.00,-1.30,-0.60,-0.04,0.04,0.01,1
1238,88,23,180,180,180,1.00,-1.30,-0.60,-0.04,0.05,0.01,1
1239,90,19,180,180,180,1.00,-1.33,-0.60,-0.04,0.06,0.01,1
1240,93,31,180,180,180,1.02,-1.34,-0.59,-0.05,0.06,0.02,1
1241,98,22,180,180,180,1.02,-1.33,-0.57,-0.05,0.05,0.02,1
1242,92,21,180,180,180,1.02,-1.35,-0.56,-0.04,0.06,0.01,1
1243,83,25,180,180,180,1.04,-1.37,-0.56,-0.05,0.07,0.02,1
1244,86,29,180,180,180,1.06,-1.36,-0.54,-0.05,0.06,0.02,1
1245,90,21,180,180,180,1.06,-1.38,-0.55,-0.04,0.07,0.02,1
1246,96,20,180,180,180,1.06,-1.41,-0.57,-0.04,0.07,0.02,1
1247,90,25,180,180,180,1.07,-1.39,-0.57,-0.05,0.07,0.03,1
1248,89,25,180,180,180,1.08,-1.39,-0.58,-0.04,0.08,0.03,1
1249,88,25,180,180,180,1.08,-1.40,-0.59,-0.04,0.07,0.03,1
1250,92,23,180,180,180,1.08,-1.38,-0.60,-0.04,0.07,0.03,1
1251,83,26,180,180,180,1.08,-1.36,-0.61,-0.03,0.08,0.02,1
1252,97,25,180,180,180,1.09,-1.37,-0.62,-0.04,0.07,0.02,1
1253,89,29,180,180,180,1.08,-1.36,-0.63,-0.04,0.06,0.02,1
1254,90,23,180,180,180,1.08,-1.36,-0.63,-0.04,0.07,0.02,1
1255,82,27,180,180,180,1.09,-1.36,-0.62,-0.05,0.06,0.02,1
1256,83,28,180,180,180,1.09,-1.36,-0.61,-0.04,0.06,0.02,1
1257,90,28,180,180,180,1.09,-1.38,-0.60,-0.04,0.07,0.02,1
1258,91,25,180,180,180,1.10,-1.40,-0.60,-0.05,0.06,0.02,1
1259,98,24,180,180,180,1.10,-1.38,-0.60,-0.06,0.06,0.02,1
1260,103,26,180,180,180,1.10,-1.40,-0.61,-0.05,0.07,0.02,1
1261,91,27,180,180,180,1.11,-1.40,-0.62,-0.06,0.07,0.02,1
1262,95,24,180,180,180,1.12,-1.39,-0.59,-0.07,0.06,0.02,1
1263,94,27,180,180,180,1.12,-1.40,-0.61,-0.06,0.06,0.02,1
1264,86,22,180,180,180,1.12,-1.39,-0.63,-0.07,0.06,0.02,1
1265,95,26,180,180,180,1.13,-1.37,-0.62,-0.07,0.06,0.02,1
1266,98,28,180,180,180,1.14,-1.36,-0.62,-0.07,0.06,0.01,1
1267,97,30,180,180,180,1.14,-1.36,-0.62,-0.07,0.05,0.01,1
1268,77,24,180,180,180,1.14,-1.35,-0.62,-0.08,0.05,0.01,1
1269,93,20,180,180,180,1.14,-1.36,-0.62,-0.07,0.05,0.00,1
1270,87,23,180,180,180,1.14,-1.37,-0.61,-0.08,0.05,-0.00,1
1271,93,22,180,180,180,1.14,-1.38,-0.60,-0.07,0.06,-0.00,1
1272,89,18,180,180,180,1.15,-1.39,-0.62,-0.07,0.06,-0.00,1
1273,100,28,180,180,180,1.15,-1.39,-0.62,-0.07,0.06,-0.00,1
1274,93,27,180,180,180,1.15,-1.41,-0.63,-0.07,0.06,-0.01,1
1275,91,21,180,180,180,1.15,-1.43,-0.65,-0.07,0.06,-0.01,1
1276,88,22,180,180,180,1.15,-1.43,-0.67,-0.07,0.06,-0.01,1
1277,81,21,180,180,180,1.16,-1.42,-0.68,-0.07,0.06,-0.01,1
1278,97,23,180,180,180,1.16,-1.43,-0.68,-0.07,0.06,-0.01,1
1279,99,26,180,180,180,1.17,-1.43,-0.68,-0.07,0.06,-0.01,1
1280,89,23,180,180,180,1.18,-1.44,-0.69,-0.07,0.06,-0.01,1
1281,97,28,180,180,180,1.18,-1.45,-0.68,-0.07,0.05,-0.01,1
1282,93,25,180,180,180,1.18,-1.46,-0.68,-0.07,0.05,-0.01,1
1283,90,24,180,180,180,1.18,-1.47,-0.68,-0.08,0.05,-0.01,1
1284,84,24,180,180,180,1.18,-1.47,-0.67,-0.08,0.05,-0.01,1
1285,91,25,180,180,180,1.19,-1.47,-0.66,-0.08,0.05,-0.01,1
1286,93,19,180,180,180,1.19,-1.47,-0.65,-0.08,0.04,-0.01,1
1287,92,26,180,180,180,1.19,-1.48,-0.64,-0.08,0.05,-0.01,1
1288,93,22,180,180,180,1.19,-1.48,-0.64,-0.08,0.05,-0.01,1
1289,100,25,180,180,180,1.20,-1.47,-0.64,-0.08,0.05,-0.01,1
1290,85,24,180,180,180,1.19,-1.46,-0.64,-0.08,0.05,-0.01,1
1291,94,25,180,180,180,1.19,-1.46,-0.64,-0.08,0.05,-0.01,1
1292,94,24,180,180,180,1.20,-1.44,-0.64,-0.09,0.05,-0.01,1
1293,90,29,180,180,180,1.20,-1.43,-0.63,-0.08,0.05,-0.01,1
1294,94,21,180,180,180,1.20,-1.44,-0.64,-0.08,0.05,-0.01,1
1295,100,24,180,180,180,1.20,-1.43,-0.63,-0.08,0.06,-0.01,1
1296,102,22,180,180,180,1.21,-1.43,-0.63,-0.08,0.06,-0.01,1
1297,92,25,180,180,180,1.21,-1.42,-0.65,-0.08,0.05,-0.01,1
1298,95,27,180,180,180,1.21,-1.42,-0.65,-0.07,0.06,-0.01,1
1299,95,23,180,180,180,1.21,-1.43,-0.65,-0.07,0.06,-0.01,1
1300,88,23,180,180,180,1.22,-1.43,-0.65,-0.07,0.06,-0.01,1
1301,85,24,180,180,180,1.22,-1.42,-0.66,-0.07,0.05,-0.01,1
1302,97,21,180,180,180,1.23,-1.42,-0.66,-0.06,0.06,-0.02,1
1303,94,25,180,180,180,1.23,-1.43,-0.67,-0.07,0.06,-0.02,1
1304,85,22,180,180,180,1.24,-1.42,-0.68,-0.07,0.06,-0.02,1
1305,97,25,180,180,180,1.24,-1.43,-0.69,-0.07,0.06,-0.02,1
1306,98,25,180,180,180,1.25,-1.43,-0.68,-0.06,0.05,-0.02,1
1307,99,28,180,180,180,1.26,-1.45,-0.69,-0.06,0.06,-0.02,1
1308,93,24,180,180,180,1.26,-1.46,-0.69,-0.07,0.05,-0.02,1
1309,98,24,180,180,180,1.26,-1.46,-0.70,-0.07,0.05,-0.02,1
1310,92,23,180,180,180,1.26,-1.46,-0.71,-0.06,0.06,-0.02,1
1311,89,23,180,180,180,1.26,-1.49,-0.73,-0.06,0.06,-0.02,1
1312,92,32,180,180,180,1.27,-1.49,-0.74,-0.07,0.05,-0.02,1
1313,101,29,180,180,180,1.27,-1.49,-0.73,-0.07,0.05,-0.02,1
1314,89,22,180,180,180,1.27,-1.51,-0.73,-0.07,0.04,-0.02,1
1315,98,18,180,180,180,1.27,-1.52,-0.73,-0.07,0.04,-0.02,1
1316,98,26,180,180,180,1.27,-1.51,-0.73,-0.08,0.04,-0.02,1
1317,84,27,180,180,180,1.27,-1.51,-0.72,-0.07,0.05,-0.02,1
1318,96,32,180,180,180,1.28,-1.52,-0.71,-0.07,0.04,-0.02,1
1319,98,24,180,180,180,1.29,-1.51,-0.70,-0.08,0.04,-0.02,1
1320,93,22,180,180,180,1.29,-1.51,-0.68,-0.08,0.04,-0.02,1
1321,89,17,180,180,180,1.29,-1.52,-0.66,-0.08,0.04,-0.02,1
1322,94,16,180,180,180,1.29,-1.52,-0.65,-0.07,0.04,-0.02,1
1323,85,23,180,180,180,1.30,-1.53,-0.64,-0.08,0.04,-0.02,1
1324,89,23,180,180,180,1.30,-1.53,-0.63,-0.07,0.04,-0.02,1
1325,90,25,180,180,180,1.30,-1.54,-0.62,-0.07,0.04,-0.02,1
1326,95,23,180,180,180,1.31,-1.55,-0.64,-0.07,0.05,-0.02,1
1327,80,20,180,180,180,1.31,-1.57,-0.65,-0.07,0.05,-0.01,1
1328,98,18,180,180,180,1.30,-1.57,-0.66,-0.07,0.05,-0.01,1
1329,92,24,180,180,180,1.30,-1.57,-0.68,-0.07,0.05,-0.01,1
1330,96,27,180,180,180,1.31,-1.57,-0.69,-0.07,0.05,-0.01,1
1331,92,24,180,180,180,1.30,-1.58,-0.70,-0.07,0.05,-0.01,1
1332,85,22,180,180,180,1.31,-1.57,-0.71,-0.07,0.05,-0.00,1
1333,82,19,180,180,180,1.30,-1.58,-0.71,-0.07,0.05,-0.00,1
1334,89,23,180,180,180,1.30,-1.58,-0.73,-0.07,0.05,0.00,1
1335,88,24,180,180,180,1.30,-1.58,-0.74,-0.07,0.05,0.01,1
1336,93,18,180,180,180,1.30,-1.58,-0.74,-0.07,0.05,0.01,1
1337,92,27,180,180,180,1.30,-1.56,-0.73,-0.08,0.05,0.01,1
1338,89,25,180,180,180,1.31,-1.55,-0.73,-0.07,0.05,0.01,1
1339,93,24,180,180,180,1.31,-1.53,-0.71,-0.09,0.03,0.01,1
1340,89,25,180,180,180,1.31,-1.53,-0.69,-0.08,0.03,0.00,1
1341,85,25,180,180,180,1.32,-1.54,-0.68,-0.09,0.03,0.00,1